path	bytes	sha256
.gitattributes	45	e29461626988caa25d7ea6d9c90140b71de0181d4147ee6260e9f9a867c8ed52
.github/workflows/ci.yml	333	bac35d99250eb2a38692d69f86f08b10498cc2008fbc67311dac626fce5bcf28
.gitignore	118	8a1283a2e2208c02e6770fabecf95d276ee44fdee03da33fb881f34a40a0d00e
CHANGELOG.md	652	0b66e92d95ebcdef943c026a34bfb7029ac4fa6f4361ce29b4b3cc0f59d8958b
CITATION.cff	472	94624028bffae3db3a5faeafc2f078260eca95a53f34979b27967797bbedc50a
LICENSE	7048	a2010f343487d3f7618affe54f789f5487602331c0a8d03f49e9a7c547cf0499
Makefile	286	d98a4ee122a017cb8f682e1584ee230783f3469a5bd297b541a4130e2d869507
NOTICE.md	727	5012cbb39ee9b87cb205093361a859804ebc77c6fd942763e33fd566afb402fe
README.md	3427	b56197ceb53d95d0ab61eebac3e21e177660bba428164f2021a04f0023e825a4
config/datasets.json	631	dd15b46caad536a238d634bbbc5e52b1674da0dbe6b3f70d64d12f8a5e8b4039
config/paths.env.example	316	06a5a9f4c0fb4d1c75483f8f754d20076947cccd8ffb0d31bfc139dd7dd7530c
data/README.md	397	539c1e00516fb8a410164663ebcddbb926abd09aefd252b4a1eba2cf51a27a7c
data/derived/Geometric_Verification_Summary.csv	2023	b4683623cdb08697dd5f4b634d871c8b198a18e57944f4d07892cec67be96469
data/derived/Geometric_Verification_Summary.tsv	2023	f4342385679281188c3664bb7577469f64402d5e31dc0d584d36ce991b50e662
data/derived/Main_Table_1_archive_inventory.csv	879	102cda9d125843322b1319d166aec81ca12ec5aa5004aaf2dcbaa8ab00c52d0b
data/derived/Main_Table_1_archive_inventory.tsv	879	760e6707d0721065a2c5015c9d2aa9ee5365278fe81ad23b7c22b914d4f98f82
data/derived/Main_Table_2_principal_results.csv	3522	81ff66796f0721a596fa8e79da7db3f5ef8af7fb5720b1cfdf10900b6c6d1883
data/derived/Main_Table_2_principal_results.tsv	3527	86c09f2427ba72cc877a16c520b4ce0efd5ae27f3f873f22a32a81becbf61c9e
data/derived/Original_Split_Crossing_Audit.csv	660	efee056a14841b0b5874f4a2fda678c3bae7c31cf0538bdb40bd32ea42f6c3d4
data/derived/Original_Split_Crossing_Audit.tsv	660	3c702f51e9cd61e2a8e889920b42e5826c738208822a479c9627da657acd50f1
data/derived/Strict_Lineage_Label_Conflict_Audit.csv	23757	89cfb52d006c4857ba5f632bf26e9941f2666279b4287a66c831438508509314
data/derived/Strict_Lineage_Label_Conflict_Audit.tsv	23757	1a95fdd0995f8abe9343f35fd3a6a844aaac6be25ff990c58e5f5d6bb08f9ecc
data/derived/Supplementary_Data_S1.xlsx	396107	c8d932e79e819cae739c0ca83661cabee2f3bf03636c77eb50f9d87d59a3cf5f
data/derived/Supplementary_Data_S1_README.md	378	e1ff719a1be9aaf2c94c21c35826ca9fcff6c9c6f0d9f0f9edbf58469d257308
data/derived/Supplementary_Data_S1_manifest.tsv.gz	670358	e754d78e4df2903ed5987d836fce4b9f050f4ba9b53f3f15ea1ca02155bb1665
docs/ASSISTANCE_AND_REPRODUCIBILITY.md	447	97894558937b8b1950c7b95a286b266bf4bd8b4bd13adfee870c456224dbb858
docs/AUTHORSHIP.md	590	507ecc93e37c48b41c4eec8c042cf86cf1777b00b128696f4925272c3c65f147
docs/DATA_SOURCES.md	531	c652c3d8bf610913fe2ea7321788344b716f23cfb18b094e3f26d8c4ebcc98e0
docs/GITHUB_RELEASE.md	859	e3ec941d08ad8292d6e175718816f18c0104c3ba354a24948612c1340329ee88
docs/OUTPUTS.md	684	d8d00c524958b06cddc031ed13bd74a3f01c465db9474c5e654e438ee8c333fd
docs/PIPELINE.md	3745	a0b4ecbc372935adb11b7590797cbc75d089d12121e3363d94a4bf2627d47ea6
docs/PROVENANCE.md	829	9a1b8e7ca464b0210e7608ae5e6989b00b1651dae2f9adedea36a4bd73241dca
docs/SCINET.md	1364	169c05176674727bd8c64422ecd305bc9e2335f28a8a38fef01e7618df8b7e9d
environment.yml	376	d9464aeb0cbba14baeb7753b737fe41981dd44f9cdc7ca3d40c9184ea06783eb
pyproject.toml	1139	5ca1edbed9f14497ec88c017ee648ce6fab5bc0194bf71aede61daa544b6020d
requirements-tested.txt	178	10b342d2e9218fc7cf13d2528a076e3712b061d8e5e80d83ed7b7246d43486bc
requirements.txt	194	c8327c98bdcb452b9687eb649cc6d4d551c995f702214af54614c71f0de78a26
scripts/build_release.py	1715	fdb4cf7dd62bbff35a2eb7183ad49d34fb658d20d29636f20f296d47f9a9b021
scripts/refresh_working_data.sh	711	6f8349b9bf95e8b9fa77f8e44ecaa54b6bbc66ee43d4cc226b6a8cb3e2a952c2
scripts/update_manifest.py	1176	ff44af81ffc8e95e80b3f418de64000154db50a9cbb46a80b7a8ebcc1042d4ef
scripts/validate_release.py	3227	3479c54a044a3973825ad0bdec6beb1bd0103683a0a719c7b1ef9cafac670fc7
src/cacao_image_benchmark/__init__.py	22	da997374411bdb814b8c4d88d97c8105c2443d858771c34be1282d2c2ffa7ab8
src/cacao_image_benchmark/cli.py	4454	b970d02e1247ce220659ecc6cf46209a5ed5b93ff80aed6333a7d79c54c4405b
src/cacao_image_benchmark/workflow/__init__.py	0	e3b0c44298fc1c149afbf4c8996fb92427ae41e4649b934ca495991b7852b855
src/cacao_image_benchmark/workflow/aggregate_control_analyses.py	17480	d3c0ac7054b747291d4e879f4f3d82f31f1c874de0b9406a288466021617ac0e
src/cacao_image_benchmark/workflow/aggregate_design_confirmation.py	24502	c484979f16d0623e71e94fe1b317c99b064e0bba29e9f153d8a1c55a64ed0581
src/cacao_image_benchmark/workflow/aggregate_end_to_end_sensitivity.py	12326	baadd02f5940d96d494417366a1e8367c7a5c0c078fdc0627b5337773a73f020
src/cacao_image_benchmark/workflow/aggregate_frozen_benchmark.py	16284	212006d00217ffcb838f0f7b5e10e3de6f6738bcaf73e71b10b0e708bfc98e18
src/cacao_image_benchmark/workflow/aggregate_primary_verification.py	40865	95720827fa81d31fcd14dd9e76819c7a98caefcea9cf9e89a507dd3e1077beda
src/cacao_image_benchmark/workflow/build_archive_manifest.py	3871	b06112224ac5d4b4347404cb264f938b9d6fb6ebecc5a33e2e2303f5c7426236
src/cacao_image_benchmark/workflow/build_canonical_manifest.py	42672	b45eec5310562d4e58cfeb38b231d826d3b300f3f90c34d43fb113ff3d55630e
src/cacao_image_benchmark/workflow/build_initial_lineages.py	22030	10f4e25f1e43e0d04f0675ef0c69d7191c5914faa4f3c31eac2dcc477ef4abef
src/cacao_image_benchmark/workflow/cache_training_images.py	5881	7828dda697cda3657e8489ebb12200161f453d99bf4d7f4f624ce8a4817e8016
src/cacao_image_benchmark/workflow/compute_perceptual_hashes.py	8664	bca11a53f87071def46fd3522638418d4b525553247549eeec516c754e292da6
src/cacao_image_benchmark/workflow/control_analysis_common.py	10233	2fc677028154c5d81499a9f2a561d18bf1c9b76ee6dece8ebde11eb85e70597c
src/cacao_image_benchmark/workflow/design_confirmation_common.py	12297	36e9f360ea6406d10d10655ea8359942e9b640d243dc721d0ee5536a0d4de972
src/cacao_image_benchmark/workflow/discover_perceptual_candidates.py	19231	e37ae7289c0716d14492831e0e522ee9a745dc518b7c349c0ef92f21c788b52f
src/cacao_image_benchmark/workflow/download_public_data.py	10174	e07b4b2f3ee06918c22907c6e81c5d146476e49fa95f7faf18d61ce51528d9d6
src/cacao_image_benchmark/workflow/end_to_end_common.py	10438	e0dd38a8ae53de47321b98785e2a6ff5a514210d870e06dc0c5401c50e605b07
src/cacao_image_benchmark/workflow/extract_archive.py	12839	104a2436fe47ccf35917ba4149d259debd4613e4cee63cd2ec4be07c567a17b6
src/cacao_image_benchmark/workflow/extract_image_embeddings.py	10603	b6a5597e5f5060c836eb38bf159c3bd6e78147644f8f5738eb4dc04a10e6b31b
src/cacao_image_benchmark/workflow/extract_shortcut_features.py	11272	a3795ab6717229f310ae5492c3a658ccffcf14da9785b9f65674069b1d178690
src/cacao_image_benchmark/workflow/freeze_lineages_and_split_blocks.py	67348	7cec0d4a91ea07bfe946154d979e7a637cb43554d02f79d43dc2415aadc67ea5
src/cacao_image_benchmark/workflow/frozen_benchmark_common.py	13127	0f9a99ab73aed98f7960c1a7b5217b69317e6432674ef8bb2ea40b08d0dab836
src/cacao_image_benchmark/workflow/harmonize_labels.py	24976	38c1dab159bb76e302264e9265d084c14383605fc590a711b458a1ccdf9e5d36
src/cacao_image_benchmark/workflow/inventory_archives.py	11090	62b196125e9cc70094ba5a83649c605f2abd814a07be6fce744eaaae4439564c
src/cacao_image_benchmark/workflow/prepare_design_confirmation.py	34072	15c5ba933fbd53cf8887e909cd629f53a095162171cde040cb07dba2109dbf42
src/cacao_image_benchmark/workflow/prepare_end_to_end_sensitivity.py	16133	1527c10df5cc21d7c4bcfb1a750febd1a147e10663d0dd09cb0c7a1c57ac9991
src/cacao_image_benchmark/workflow/prepare_frozen_benchmark.py	30760	3aa5a3ba7fe06fdc5956e2c95afd16eceba1e2b7527bb6637e5fddc186dea318
src/cacao_image_benchmark/workflow/prepare_geometric_verification.py	14798	1a9d496226cf7add5214a776931110e3bb5e8842363d78752b64367c27d9e80c
src/cacao_image_benchmark/workflow/prepare_matched_and_shortcut_controls.py	27289	d76b9651c70970a66249c060dae89d231cf939ea0bca41b3ee1804a2d4ecdb98
src/cacao_image_benchmark/workflow/prepare_primary_verification.py	12749	e8d491a70c7f589ac6a957adf46fb71c0b2452cc86c2f22bd164609872257174
src/cacao_image_benchmark/workflow/prepare_reserve_verification.py	14898	3815ee0c80c6e9b35b9117fd8d0ed73d5c1f5b15072486c0aca5e1a94a688a66
src/cacao_image_benchmark/workflow/rank_embedding_candidates.py	34308	6ba4306b162fef70ae425a24f2f6c6f3276cc963c7a3f8801e96659279a9ce4c
src/cacao_image_benchmark/workflow/retrieve_embedding_candidates.py	27400	27b7a1bb62c8e8c89987b3f88a5449ee1d9be7afd8ad87efdb501c34c26acbf8
src/cacao_image_benchmark/workflow/run_design_confirmation.py	15693	cac369dd019d8ff656474eeeeeb668bbcdc742cd56190794c6d57e76cd68b349
src/cacao_image_benchmark/workflow/run_frozen_benchmark.py	16085	764c94655e73b50159ec2d3d0e5ac44e72a9fe1b2b300ccbbf09bb1700ab64c2
src/cacao_image_benchmark/workflow/run_matched_removal.py	10910	bfe4c4568b23364f7a7fd425dc966f0b687209f3f74f3851ee774b68f3dda9e1
src/cacao_image_benchmark/workflow/run_shortcut_benchmark.py	13105	2766cd8b7197c5b3d5b41e69c7f52ec8577284c455a928ede4f589f03d528dd2
src/cacao_image_benchmark/workflow/train_end_to_end_sensitivity.py	30193	e8f41d662df6766ef3f06c1f0fa4a2d4c890d4be05c1ca41d883d1a09e6e698d
src/cacao_image_benchmark/workflow/verify_image_pairs.py	24456	91acd7fde7ce8fdc54132957d597c16d7ee9e3562c170246ccecd936c84aa9a6
src/cacao_image_benchmark/workflow/verify_primary_pairs.py	24456	91acd7fde7ce8fdc54132957d597c16d7ee9e3562c170246ccecd936c84aa9a6
src/cacao_image_benchmark/workflow/verify_reserve_pairs.py	24456	91acd7fde7ce8fdc54132957d597c16d7ee9e3562c170246ccecd936c84aa9a6
tests/conftest.py	202	08e90ff63959937f7f5f17155f5535f0cc68665a8926fec748ea4e494f4ac9e9
tests/test_release.py	2042	3d51ea000ae00883169894f709d60a5c12b0a572ed5a8f4a338397b402f5495f
tests/test_scientific_contracts.py	6960	f4c84cf5f72c7a9f7b67d0820fcc60607d41231841ae0b7e2b32b9fe9729d1b7
